TaskID,SourceRegion,TargetRegion,ArrivalHour,StartHour,EndHour,NetworkLatency_ms,GPU_Demand,TaskType
56,RegionE,RegionE,2394,2394.0,2398.0,5.0,19.0,AITraining
57,RegionE,RegionE,2390,2390.0,2393.0,5.0,16.0,BatchInference
165,RegionB,RegionB,2390,2390.0,2391.75,5.0,18.0,BatchInference
205,RegionB,RegionB,2385,2385.0,2389.9166666666665,5.0,6.0,BatchInference
235,RegionE,RegionE,2378,2378.0,2378.4666666666667,5.0,2.0,RealTimeInference
315,RegionA,RegionA,2392,2392.0,2393.45,5.0,17.0,BatchInference
403,RegionD,RegionD,2382,2382.0,2384.116666666667,5.0,13.0,BatchInference
583,RegionA,RegionA,2388,2388.0,2391.9166666666665,5.0,12.0,BatchInference
701,RegionF,RegionF,2397,2397.0,2398.75,5.0,21.0,BatchInference
1055,RegionF,RegionF,2378,2378.0,2383.65,5.0,113.0,AITraining
1096,RegionA,RegionA,2389,2389.0,2393.833333333333,5.0,1.0,RealTimeInference
1136,RegionB,RegionB,2390,2390.0,2393.0333333333333,5.0,12.0,BatchInference
1234,RegionB,RegionB,2385,2385.0,2390.5666666666666,5.0,9.0,BatchInference
1264,RegionF,RegionF,2388,2388.0,2392.7,5.0,113.0,AITraining
1371,RegionC,RegionC,2392,2392.0,2397.583333333333,5.0,18.0,AITraining
1455,RegionF,RegionF,2399,2399.0,2401.733333333333,5.0,37.0,AITraining
1540,RegionF,RegionF,2377,2377.0,2381.866666666667,5.0,98.0,AITraining
1664,RegionE,RegionE,2383,2383.0,2385.1833333333334,5.0,14.0,BatchInference
1843,RegionA,RegionA,2394,2394.0,2394.8166666666666,5.0,1.0,RealTimeInference
2055,RegionD,RegionD,2386,2386.0,2388.6666666666665,5.0,116.0,AITraining
2167,RegionD,RegionD,2390,2390.0,2394.15,5.0,57.0,AITraining
2374,RegionA,RegionA,2387,2387.0,2387.65,5.0,7.0,BatchInference
2412,RegionC,RegionC,2392,2392.0,2396.266666666667,5.0,2.0,RealTimeInference
2473,RegionC,RegionC,2398,2398.0,2403.833333333333,5.0,16.0,AITraining
2508,RegionB,RegionB,2378,2378.0,2382.65,5.0,1.0,RealTimeInference
2517,RegionF,RegionF,2392,2392.0,2394.733333333333,5.0,30.0,AITraining
2648,RegionE,RegionE,2397,2397.0,2400.1833333333334,5.0,19.0,BatchInference
2763,RegionB,RegionB,2379,2379.0,2382.75,5.0,15.0,BatchInference
3113,RegionD,RegionD,2387,2387.0,2393.233333333333,5.0,15.0,BatchInference
3444,RegionA,RegionA,2378,2378.0,2379.7166666666667,5.0,7.0,RealTimeInference
3455,RegionC,RegionC,2386,2386.0,2388.866666666667,5.0,1.0,RealTimeInference
3498,RegionB,RegionB,2376,2376.0,2377.1833333333334,5.0,2.0,RealTimeInference
3566,RegionE,RegionE,2392,2392.0,2392.9,5.0,9.0,BatchInference
3736,RegionD,RegionD,2396,2396.0,2402.6,5.0,19.0,BatchInference
3782,RegionE,RegionE,2390,2390.0,2395.766666666667,5.0,89.0,AITraining
3809,RegionF,RegionF,2376,2376.0,2377.633333333333,5.0,32.0,AITraining
3928,RegionF,RegionF,2397,2397.0,2400.0333333333333,5.0,4.0,BatchInference
3948,RegionF,RegionF,2382,2382.0,2387.5,5.0,1.0,RealTimeInference
4060,RegionA,RegionA,2383,2383.0,2385.8,5.0,8.0,BatchInference
4113,RegionA,RegionA,2391,2391.0,2395.2,5.0,15.0,BatchInference
4202,RegionE,RegionE,2377,2377.0,2381.6666666666665,5.0,94.0,AITraining
4316,RegionA,RegionA,2377,2377.0,2381.366666666667,5.0,5.0,RealTimeInference
4353,RegionE,RegionE,2398,2398.0,2401.7,5.0,21.0,AITraining
4354,RegionC,RegionC,2390,2390.0,2395.95,5.0,4.0,RealTimeInference
4418,RegionD,RegionD,2398,2398.0,2402.233333333333,5.0,11.0,BatchInference
4590,RegionC,RegionC,2382,2382.0,2385.45,5.0,5.0,RealTimeInference
4599,RegionD,RegionD,2385,2385.0,2387.1666666666665,5.0,34.0,AITraining
4611,RegionA,RegionA,2393,2393.0,2395.05,5.0,15.0,BatchInference
4848,RegionB,RegionB,2394,2394.0,2397.6,5.0,17.0,BatchInference
4851,RegionD,RegionD,2390,2390.0,2393.833333333333,5.0,8.0,BatchInference
4886,RegionF,RegionF,2398,2398.0,2401.333333333333,5.0,3.0,RealTimeInference
4930,RegionE,RegionE,2391,2391.0,2396.866666666667,5.0,50.0,AITraining
4943,RegionC,RegionC,2391,2391.0,2394.0,5.0,4.0,RealTimeInference
5138,RegionB,RegionB,2396,2396.0,2401.266666666667,5.0,1.0,RealTimeInference
5272,RegionC,RegionC,2398,2398.0,2402.35,5.0,4.0,RealTimeInference
5277,RegionE,RegionE,2385,2385.0,2386.4666666666667,5.0,64.0,AITraining
5435,RegionE,RegionE,2395,2395.0,2397.95,5.0,116.0,AITraining
5663,RegionB,RegionB,2393,2393.0,2397.25,5.0,6.0,RealTimeInference
5727,RegionD,RegionD,2389,2389.0,2391.3166666666666,5.0,82.0,AITraining
5845,RegionD,RegionD,2382,2382.0,2383.516666666667,5.0,26.0,AITraining
6052,RegionF,RegionF,2380,2380.0,2384.95,5.0,92.0,AITraining
6232,RegionA,RegionA,2389,2389.0,2395.0,5.0,5.0,RealTimeInference
6235,RegionB,RegionB,2392,2392.0,2393.733333333333,5.0,1.0,RealTimeInference
6323,RegionA,RegionA,2388,2388.0,2390.366666666667,5.0,5.0,BatchInference
6392,RegionD,RegionD,2397,2397.0,2401.7833333333333,5.0,5.0,BatchInference
6423,RegionA,RegionA,2377,2377.0,2381.383333333333,5.0,7.0,RealTimeInference
6438,RegionE,RegionE,2394,2394.0,2398.95,5.0,98.0,AITraining
6481,RegionA,RegionA,2377,2377.0,2383.45,5.0,6.0,RealTimeInference
6507,RegionC,RegionC,2378,2378.0,2383.35,5.0,17.0,AITraining
6508,RegionB,RegionB,2394,2394.0,2398.983333333333,5.0,23.0,BatchInference
6767,RegionF,RegionF,2395,2395.0,2395.7,5.0,29.0,AITraining
6876,RegionD,RegionD,2391,2391.0,2397.5,5.0,52.0,AITraining
7165,RegionB,RegionB,2397,2397.0,2401.633333333333,5.0,5.0,RealTimeInference
7372,RegionF,RegionF,2395,2395.0,2399.1,5.0,104.0,AITraining
7403,RegionD,RegionD,2376,2376.0,2382.233333333333,5.0,10.0,BatchInference
7484,RegionA,RegionA,2393,2393.0,2396.95,5.0,3.0,RealTimeInference
7530,RegionA,RegionA,2398,2398.0,2399.1666666666665,5.0,5.0,RealTimeInference
7542,RegionD,RegionD,2382,2382.0,2382.6833333333334,5.0,7.0,RealTimeInference
7857,RegionF,RegionF,2399,2399.0,2400.2833333333333,5.0,115.0,AITraining
7874,RegionC,RegionC,2396,2396.0,2396.45,5.0,21.0,BatchInference
7890,RegionE,RegionE,2399,2399.0,2403.4166666666665,5.0,4.0,RealTimeInference
7902,RegionE,RegionE,2376,2376.0,2376.4333333333334,5.0,11.0,BatchInference
7973,RegionE,RegionE,2379,2379.0,2380.116666666667,5.0,70.0,AITraining
8294,RegionC,RegionC,2395,2395.0,2396.0333333333333,5.0,8.0,BatchInference
8353,RegionB,RegionB,2386,2386.0,2387.25,5.0,5.0,RealTimeInference
8745,RegionB,RegionB,2398,2398.0,2400.1,5.0,21.0,BatchInference
8760,RegionE,RegionE,2390,2390.0,2394.583333333333,5.0,44.0,AITraining
8915,RegionD,RegionD,2392,2392.0,2392.8166666666666,5.0,97.0,AITraining
8972,RegionD,RegionD,2398,2398.0,2402.1,5.0,2.0,RealTimeInference
9168,RegionC,RegionC,2387,2387.0,2389.35,5.0,3.0,RealTimeInference
9267,RegionE,RegionE,2376,2376.0,2376.366666666667,5.0,7.0,BatchInference
9415,RegionD,RegionD,2376,2376.0,2377.4666666666667,5.0,119.0,AITraining
9535,RegionE,RegionE,2387,2387.0,2392.633333333333,5.0,58.0,AITraining
9572,RegionD,RegionD,2398,2398.0,2404.0666666666666,5.0,123.0,AITraining
9585,RegionB,RegionB,2381,2381.0,2383.0333333333333,5.0,7.0,RealTimeInference
9591,RegionD,RegionD,2378,2378.0,2381.1833333333334,5.0,27.0,AITraining
9621,RegionC,RegionC,2399,2399.0,2400.333333333333,5.0,6.0,RealTimeInference
9845,RegionF,RegionF,2379,2379.0,2379.9166666666665,5.0,102.0,AITraining
9850,RegionE,RegionE,2387,2387.0,2392.733333333333,5.0,13.0,BatchInference
9936,RegionC,RegionC,2385,2385.0,2386.516666666667,5.0,5.0,RealTimeInference
10184,RegionD,RegionD,2390,2390.0,2392.7833333333333,5.0,15.0,BatchInference
10275,RegionE,RegionE,2386,2386.0,2388.083333333333,5.0,38.0,AITraining
10284,RegionF,RegionF,2396,2396.0,2398.2833333333333,5.0,14.0,BatchInference
10306,RegionD,RegionD,2384,2384.0,2388.5333333333333,5.0,68.0,AITraining
10407,RegionC,RegionC,2389,2389.0,2391.366666666667,5.0,7.0,RealTimeInference
10504,RegionC,RegionC,2396,2396.0,2397.15,5.0,4.0,BatchInference
10622,RegionC,RegionC,2379,2379.0,2384.5666666666666,5.0,23.0,BatchInference
10704,RegionF,RegionF,2382,2382.0,2383.083333333333,5.0,110.0,AITraining
11216,RegionA,RegionA,2379,2379.0,2384.116666666667,5.0,20.0,BatchInference
11304,RegionD,RegionD,2383,2383.0,2384.1666666666665,5.0,112.0,AITraining
11351,RegionD,RegionD,2394,2394.0,2398.35,5.0,16.0,BatchInference
11360,RegionE,RegionE,2384,2384.0,2390.5666666666666,5.0,3.0,RealTimeInference
11383,RegionC,RegionC,2380,2380.0,2381.85,5.0,22.0,BatchInference
11780,RegionF,RegionF,2398,2398.0,2398.583333333333,5.0,21.0,BatchInference
11834,RegionB,RegionB,2386,2386.0,2391.866666666667,5.0,19.0,BatchInference
11877,RegionC,RegionC,2382,2382.0,2383.383333333333,5.0,7.0,RealTimeInference
11961,RegionE,RegionE,2376,2376.0,2380.1,5.0,111.0,AITraining
11993,RegionC,RegionC,2382,2382.0,2385.9333333333334,5.0,15.0,BatchInference
12025,RegionA,RegionA,2387,2387.0,2387.65,5.0,2.0,RealTimeInference
12181,RegionC,RegionC,2381,2381.0,2383.366666666667,5.0,68.0,AITraining
12184,RegionD,RegionD,2393,2393.0,2393.25,5.0,5.0,BatchInference
12397,RegionA,RegionA,2391,2391.0,2391.616666666667,5.0,101.0,AITraining
12431,RegionB,RegionB,2396,2396.0,2399.2833333333333,5.0,17.0,BatchInference
12444,RegionA,RegionA,2394,2394.0,2398.483333333333,5.0,1.0,RealTimeInference
12481,RegionC,RegionC,2395,2395.0,2397.9166666666665,5.0,5.0,RealTimeInference
12755,RegionE,RegionE,2383,2383.0,2386.05,5.0,51.0,AITraining
12791,RegionA,RegionA,2383,2383.0,2383.866666666667,5.0,4.0,BatchInference
13174,RegionB,RegionB,2394,2394.0,2394.1666666666665,5.0,6.0,RealTimeInference
13251,RegionA,RegionA,2395,2395.0,2395.7833333333333,5.0,6.0,RealTimeInference
13331,RegionB,RegionB,2383,2383.0,2383.8166666666666,5.0,1.0,RealTimeInference
13376,RegionD,RegionD,2394,2394.0,2396.383333333333,5.0,53.0,AITraining
13381,RegionA,RegionA,2398,2398.0,2400.083333333333,5.0,6.0,RealTimeInference
13505,RegionE,RegionE,2382,2382.0,2386.2833333333333,5.0,6.0,RealTimeInference
13587,RegionD,RegionD,2381,2381.0,2387.5333333333333,5.0,23.0,AITraining
13747,RegionF,RegionF,2389,2389.0,2395.6,5.0,41.0,AITraining
13836,RegionD,RegionD,2391,2391.0,2397.4,5.0,40.0,AITraining
14305,RegionD,RegionD,2391,2391.0,2395.6666666666665,5.0,2.0,RealTimeInference
14327,RegionB,RegionB,2394,2394.0,2399.55,5.0,21.0,BatchInference
14405,RegionA,RegionA,2379,2379.0,2381.583333333333,5.0,18.0,BatchInference
14419,RegionD,RegionD,2379,2379.0,2385.4333333333334,5.0,104.0,AITraining
14578,RegionE,RegionE,2396,2396.0,2402.25,5.0,31.0,AITraining
14619,RegionF,RegionF,2394,2394.0,2400.616666666667,5.0,117.0,AITraining
14622,RegionB,RegionB,2386,2386.0,2389.6666666666665,5.0,23.0,BatchInference
14647,RegionA,RegionA,2376,2376.0,2377.233333333333,5.0,11.0,BatchInference
14669,RegionB,RegionB,2385,2385.0,2389.616666666667,5.0,6.0,RealTimeInference
14749,RegionE,RegionE,2389,2389.0,2392.15,5.0,97.0,AITraining
14772,RegionA,RegionA,2382,2382.0,2387.116666666667,5.0,12.0,BatchInference
14780,RegionD,RegionD,2377,2377.0,2381.483333333333,5.0,32.0,AITraining
14844,RegionB,RegionB,2396,2396.0,2400.15,5.0,51.0,AITraining
14868,RegionF,RegionF,2396,2396.0,2402.45,5.0,22.0,AITraining
15175,RegionB,RegionB,2396,2396.0,2398.9166666666665,5.0,6.0,RealTimeInference
15185,RegionA,RegionA,2382,2382.0,2382.883333333333,5.0,1.0,RealTimeInference
15242,RegionE,RegionE,2399,2399.0,2403.05,5.0,7.0,BatchInference
15675,RegionF,RegionF,2390,2390.0,2392.983333333333,5.0,87.0,AITraining
15694,RegionE,RegionE,2386,2386.0,2388.866666666667,5.0,63.0,AITraining
15916,RegionE,RegionE,2397,2397.0,2400.383333333333,5.0,81.0,AITraining
15921,RegionD,RegionD,2394,2394.0,2397.9166666666665,5.0,127.0,AITraining
16024,RegionF,RegionF,2392,2392.0,2395.35,5.0,1.0,RealTimeInference
16041,RegionB,RegionB,2394,2394.0,2394.9166666666665,5.0,5.0,RealTimeInference
16109,RegionF,RegionF,2389,2389.0,2391.9166666666665,5.0,7.0,BatchInference
16116,RegionA,RegionA,2382,2382.0,2387.333333333333,5.0,7.0,BatchInference
16146,RegionE,RegionE,2378,2378.0,2378.3,5.0,60.0,AITraining
16274,RegionA,RegionA,2388,2388.0,2394.05,5.0,21.0,BatchInference
16345,RegionF,RegionF,2393,2393.0,2396.233333333333,5.0,9.0,BatchInference
16494,RegionD,RegionD,2395,2395.0,2397.6833333333334,5.0,22.0,BatchInference
16513,RegionE,RegionE,2390,2390.0,2395.833333333333,5.0,107.0,AITraining
16699,RegionF,RegionF,2393,2393.0,2394.7,5.0,127.0,AITraining
16844,RegionF,RegionF,2399,2399.0,2399.85,5.0,1.0,RealTimeInference
16950,RegionA,RegionA,2384,2384.0,2386.5333333333333,5.0,6.0,RealTimeInference
17044,RegionC,RegionC,2389,2389.0,2389.6,5.0,6.0,BatchInference
17052,RegionC,RegionC,2398,2398.0,2398.55,5.0,2.0,RealTimeInference
17181,RegionD,RegionD,2387,2387.0,2388.7,5.0,82.0,AITraining
17233,RegionD,RegionD,2390,2390.0,2393.8,5.0,122.0,AITraining
17421,RegionF,RegionF,2398,2398.0,2400.35,5.0,15.0,BatchInference
17466,RegionE,RegionE,2380,2380.0,2383.85,5.0,20.0,BatchInference
17673,RegionD,RegionD,2392,2392.0,2398.616666666667,5.0,124.0,AITraining
17820,RegionC,RegionC,2376,2376.0,2377.25,5.0,1.0,RealTimeInference
17864,RegionD,RegionD,2378,2378.0,2379.7,5.0,120.0,AITraining
17898,RegionE,RegionE,2391,2391.0,2393.65,5.0,78.0,AITraining
17938,RegionE,RegionE,2398,2398.0,2402.266666666667,5.0,23.0,BatchInference
17991,RegionF,RegionF,2388,2389.0,2391.266666666667,5.0,26.0,AITraining
18061,RegionC,RegionC,2388,2388.0,2393.0666666666666,5.0,9.0,BatchInference
18201,RegionE,RegionE,2376,2376.0,2376.6666666666665,5.0,16.0,BatchInference
18325,RegionF,RegionF,2385,2385.0,2388.45,5.0,58.0,AITraining
18367,RegionA,RegionA,2391,2391.0,2396.766666666667,5.0,19.0,BatchInference
18394,RegionA,RegionA,2396,2396.0,2401.4333333333334,5.0,3.0,RealTimeInference
18427,RegionB,RegionB,2378,2378.0,2382.45,5.0,18.0,BatchInference
18687,RegionE,RegionE,2391,2391.0,2392.45,5.0,5.0,RealTimeInference
18713,RegionF,RegionF,2380,2380.0,2381.083333333333,5.0,38.0,AITraining
18720,RegionF,RegionF,2381,2382.0,2382.866666666667,5.0,120.0,AITraining
18826,RegionA,RegionA,2392,2392.0,2396.5333333333333,5.0,17.0,BatchInference
18847,RegionB,RegionB,2391,2391.0,2395.516666666667,5.0,8.0,BatchInference
18869,RegionD,RegionD,2386,2386.0,2390.4333333333334,5.0,7.0,BatchInference
18905,RegionA,RegionA,2381,2381.0,2385.1833333333334,5.0,12.0,BatchInference
19172,RegionC,RegionC,2398,2398.0,2401.3166666666666,5.0,6.0,RealTimeInference
19264,RegionD,RegionD,2386,2386.0,2389.333333333333,5.0,4.0,RealTimeInference
19289,RegionE,RegionE,2398,2398.0,2404.016666666667,5.0,121.0,AITraining
19387,RegionE,RegionE,2392,2392.0,2395.766666666667,5.0,104.0,AITraining
19440,RegionE,RegionE,2382,2382.0,2384.0666666666666,5.0,23.0,BatchInference
19584,RegionE,RegionE,2387,2387.0,2392.8166666666666,5.0,43.0,AITraining
19682,RegionD,RegionD,2390,2390.0,2395.233333333333,5.0,11.0,BatchInference
19684,RegionF,RegionF,2378,2378.0,2380.016666666667,5.0,9.0,BatchInference
19693,RegionA,RegionA,2386,2386.0,2387.2,5.0,4.0,RealTimeInference
20139,RegionD,RegionD,2381,2381.0,2384.4166666666665,5.0,71.0,AITraining
20312,RegionD,RegionD,2396,2396.0,2400.133333333333,5.0,16.0,BatchInference
20392,RegionF,RegionF,2377,2377.0,2382.583333333333,5.0,110.0,AITraining
20403,RegionD,RegionD,2388,2388.0,2391.983333333333,5.0,14.0,BatchInference
20632,RegionC,RegionC,2386,2386.0,2389.0666666666666,5.0,14.0,BatchInference
20799,RegionF,RegionF,2397,2397.0,2400.4,5.0,14.0,BatchInference
20964,RegionB,RegionB,2380,2380.0,2383.5,5.0,112.0,AITraining
20965,RegionA,RegionA,2377,2377.0,2379.633333333333,5.0,2.0,RealTimeInference
21103,RegionA,RegionA,2383,2383.0,2384.8,5.0,7.0,RealTimeInference
21242,RegionB,RegionB,2390,2390.0,2391.1,5.0,1.0,RealTimeInference
21356,RegionF,RegionF,2388,2388.0,2393.133333333333,5.0,125.0,AITraining
21384,RegionC,RegionC,2377,2377.0,2380.633333333333,5.0,110.0,AITraining
21400,RegionB,RegionB,2399,2399.0,2400.6833333333334,5.0,1.0,RealTimeInference
21428,RegionC,RegionC,2387,2387.0,2389.366666666667,5.0,5.0,RealTimeInference
21451,RegionD,RegionD,2394,2394.0,2398.2166666666667,5.0,34.0,AITraining
21730,RegionF,RegionF,2397,2397.0,2401.8166666666666,5.0,49.0,AITraining
21792,RegionA,RegionA,2392,2392.0,2397.266666666667,5.0,4.0,RealTimeInference
21837,RegionD,RegionD,2388,2388.0,2392.266666666667,5.0,59.0,AITraining
21897,RegionA,RegionA,2393,2393.0,2394.5333333333333,5.0,3.0,RealTimeInference
22136,RegionE,RegionE,2398,2398.0,2399.3166666666666,5.0,7.0,BatchInference
22175,RegionE,RegionE,2383,2383.0,2389.516666666667,5.0,112.0,AITraining
22360,RegionD,RegionD,2398,2398.0,2398.1833333333334,5.0,6.0,RealTimeInference
22462,RegionC,RegionC,2381,2381.0,2383.3,5.0,23.0,BatchInference
22576,RegionF,RegionF,2395,2395.0,2398.083333333333,5.0,16.0,AITraining
22636,RegionF,RegionF,2377,2377.0,2381.1666666666665,5.0,2.0,RealTimeInference
22705,RegionE,RegionE,2385,2385.0,2387.25,5.0,80.0,AITraining
22706,RegionC,RegionC,2391,2391.0,2391.75,5.0,2.0,RealTimeInference
22852,RegionF,RegionF,2386,2386.0,2391.75,5.0,62.0,AITraining
22871,RegionE,RegionE,2381,2381.0,2384.8166666666666,5.0,7.0,BatchInference
22890,RegionC,RegionC,2384,2384.0,2385.8,5.0,3.0,RealTimeInference
22926,RegionA,RegionA,2377,2377.0,2380.4666666666667,5.0,19.0,BatchInference
22937,RegionF,RegionF,2386,2386.0,2388.2833333333333,5.0,52.0,AITraining
23146,RegionC,RegionC,2387,2387.0,2392.55,5.0,3.0,RealTimeInference
23364,RegionE,RegionE,2392,2392.0,2393.9166666666665,5.0,5.0,RealTimeInference
23381,RegionD,RegionD,2394,2394.0,2398.0,5.0,15.0,BatchInference
23421,RegionE,RegionE,2398,2398.0,2402.4,5.0,19.0,AITraining
23424,RegionA,RegionA,2379,2379.0,2385.616666666667,5.0,5.0,RealTimeInference
23479,RegionD,RegionD,2377,2377.0,2379.1833333333334,5.0,113.0,AITraining
23514,RegionF,RegionF,2385,2385.0,2388.85,5.0,76.0,AITraining
23544,RegionB,RegionB,2393,2393.0,2395.25,5.0,1.0,RealTimeInference
23667,RegionA,RegionA,2386,2386.0,2391.2166666666667,5.0,15.0,BatchInference
23682,RegionB,RegionB,2396,2396.0,2400.616666666667,5.0,7.0,RealTimeInference
23708,RegionB,RegionB,2387,2387.0,2388.6666666666665,5.0,7.0,RealTimeInference
23890,RegionA,RegionA,2385,2385.0,2389.7833333333333,5.0,5.0,RealTimeInference
23936,RegionD,RegionD,2389,2389.0,2392.833333333333,5.0,127.0,AITraining
24073,RegionB,RegionB,2395,2395.0,2396.5333333333333,5.0,110.0,AITraining
24255,RegionE,RegionE,2397,2397.0,2399.1,5.0,20.0,BatchInference
24477,RegionD,RegionD,2393,2393.0,2394.133333333333,5.0,16.0,BatchInference
24568,RegionB,RegionB,2378,2378.0,2380.4166666666665,5.0,4.0,RealTimeInference
24572,RegionA,RegionA,2390,2390.0,2395.05,5.0,9.0,BatchInference
24641,RegionD,RegionD,2383,2383.0,2384.4,5.0,12.0,BatchInference
24714,RegionC,RegionC,2380,2380.0,2385.4166666666665,5.0,5.0,RealTimeInference
24748,RegionE,RegionE,2384,2384.0,2387.116666666667,5.0,1.0,RealTimeInference
24774,RegionF,RegionF,2380,2380.0,2381.733333333333,5.0,16.0,BatchInference
24949,RegionD,RegionD,2386,2386.0,2387.016666666667,5.0,16.0,BatchInference
24995,RegionD,RegionD,2396,2396.0,2397.05,5.0,10.0,BatchInference
25000,RegionB,RegionB,2387,2387.0,2388.65,5.0,6.0,RealTimeInference
25215,RegionA,RegionA,2391,2391.0,2394.4333333333334,5.0,5.0,RealTimeInference
25467,RegionB,RegionB,2385,2385.0,2387.866666666667,5.0,6.0,RealTimeInference
25631,RegionD,RegionD,2392,2392.0,2396.7166666666667,5.0,18.0,BatchInference
25757,RegionE,RegionE,2377,2377.0,2382.366666666667,5.0,17.0,BatchInference
25763,RegionE,RegionE,2391,2391.0,2395.833333333333,5.0,114.0,AITraining
25795,RegionE,RegionE,2390,2390.0,2391.7166666666667,5.0,46.0,AITraining
25839,RegionA,RegionA,2378,2378.0,2383.483333333333,5.0,1.0,RealTimeInference
26136,RegionE,RegionE,2390,2390.0,2390.866666666667,5.0,120.0,AITraining
26377,RegionB,RegionB,2376,2376.0,2382.4333333333334,5.0,17.0,BatchInference
26569,RegionB,RegionB,2384,2384.0,2385.1,5.0,5.0,RealTimeInference
26584,RegionF,RegionF,2380,2381.0,2382.0666666666666,5.0,125.0,AITraining
26590,RegionF,RegionF,2385,2385.0,2389.9166666666665,5.0,27.0,AITraining
26779,RegionB,RegionB,2384,2384.0,2385.75,5.0,2.0,RealTimeInference
26783,RegionA,RegionA,2377,2377.0,2379.3,5.0,16.0,BatchInference
26788,RegionF,RegionF,2386,2386.0,2391.2833333333333,5.0,12.0,BatchInference
26836,RegionA,RegionA,2396,2396.0,2400.5333333333333,5.0,7.0,RealTimeInference
27016,RegionD,RegionD,2378,2378.0,2379.1833333333334,5.0,23.0,BatchInference
27109,RegionF,RegionF,2384,2384.0,2389.0,5.0,99.0,AITraining
27293,RegionF,RegionF,2388,2388.0,2393.333333333333,5.0,50.0,AITraining
27301,RegionA,RegionA,2392,2392.0,2395.2,5.0,5.0,BatchInference
27485,RegionA,RegionA,2393,2393.0,2395.4333333333334,5.0,5.0,RealTimeInference
27509,RegionF,RegionF,2377,2377.0,2383.516666666667,5.0,113.0,AITraining
27547,RegionD,RegionD,2397,2397.0,2397.9666666666667,5.0,17.0,BatchInference
27636,RegionA,RegionA,2388,2388.0,2392.233333333333,5.0,7.0,RealTimeInference
27637,RegionD,RegionD,2391,2391.0,2391.516666666667,5.0,50.0,AITraining
27713,RegionF,RegionF,2387,2387.0,2388.5333333333333,5.0,87.0,AITraining
27964,RegionD,RegionD,2396,2396.0,2402.4166666666665,5.0,25.0,AITraining
28123,RegionD,RegionD,2385,2385.0,2388.116666666667,5.0,30.0,AITraining
28161,RegionB,RegionB,2381,2381.0,2385.2166666666667,5.0,4.0,BatchInference
28165,RegionE,RegionE,2387,2387.0,2387.4166666666665,5.0,13.0,BatchInference
28388,RegionF,RegionF,2385,2385.0,2389.8,5.0,85.0,AITraining
28488,RegionA,RegionA,2392,2392.0,2392.65,5.0,14.0,BatchInference
28656,RegionC,RegionC,2396,2396.0,2397.333333333333,5.0,4.0,RealTimeInference
28664,RegionF,RegionF,2393,2393.0,2399.25,5.0,96.0,AITraining
28667,RegionB,RegionB,2380,2380.0,2381.2,5.0,6.0,RealTimeInference
28692,RegionA,RegionA,2388,2388.0,2392.3,5.0,3.0,RealTimeInference
28753,RegionE,RegionE,2396,2396.0,2397.75,5.0,74.0,AITraining
28923,RegionC,RegionC,2392,2392.0,2393.85,5.0,14.0,BatchInference
28952,RegionC,RegionC,2387,2387.0,2389.05,5.0,7.0,RealTimeInference
29239,RegionB,RegionB,2386,2386.0,2390.016666666667,5.0,2.0,RealTimeInference
29306,RegionE,RegionE,2387,2387.0,2387.6,5.0,20.0,BatchInference
29364,RegionE,RegionE,2390,2390.0,2391.2833333333333,5.0,111.0,AITraining
29402,RegionC,RegionC,2384,2384.0,2387.133333333333,5.0,17.0,BatchInference
29425,RegionF,RegionF,2378,2378.0,2381.883333333333,5.0,98.0,AITraining
29589,RegionE,RegionE,2377,2377.0,2378.016666666667,5.0,5.0,RealTimeInference
29651,RegionB,RegionB,2382,2382.0,2386.733333333333,5.0,7.0,RealTimeInference
29758,RegionC,RegionC,2380,2380.0,2386.15,5.0,7.0,RealTimeInference
29773,RegionA,RegionA,2387,2387.0,2388.7833333333333,5.0,6.0,RealTimeInference
29779,RegionF,RegionF,2376,2376.0,2381.6,5.0,17.0,BatchInference
29785,RegionE,RegionE,2377,2377.0,2382.5333333333333,5.0,17.0,BatchInference
29787,RegionA,RegionA,2397,2397.0,2401.1666666666665,5.0,7.0,BatchInference
30199,RegionF,RegionF,2390,2390.0,2396.233333333333,5.0,15.0,BatchInference
30207,RegionD,RegionD,2380,2380.0,2381.55,5.0,33.0,AITraining
30238,RegionD,RegionD,2379,2379.0,2383.85,5.0,6.0,RealTimeInference
30449,RegionB,RegionB,2398,2398.0,2398.266666666667,5.0,44.0,AITraining
30452,RegionE,RegionE,2391,2391.0,2394.3,5.0,55.0,AITraining
30583,RegionE,RegionE,2387,2387.0,2390.9,5.0,121.0,AITraining
30610,RegionB,RegionB,2398,2398.0,2400.6833333333334,5.0,7.0,RealTimeInference
30708,RegionB,RegionB,2379,2379.0,2385.4,5.0,1.0,RealTimeInference
30715,RegionD,RegionD,2396,2396.0,2401.3166666666666,5.0,14.0,BatchInference
30900,RegionF,RegionF,2383,2383.0,2385.1833333333334,5.0,36.0,AITraining
31011,RegionF,RegionF,2391,2391.0,2393.016666666667,5.0,58.0,AITraining
31076,RegionE,RegionE,2394,2394.0,2400.366666666667,5.0,67.0,AITraining
31191,RegionD,RegionD,2382,2382.0,2384.583333333333,5.0,65.0,AITraining
31331,RegionC,RegionC,2379,2379.0,2380.4166666666665,5.0,5.0,BatchInference
31480,RegionD,RegionD,2381,2381.0,2386.016666666667,5.0,84.0,AITraining
31539,RegionD,RegionD,2379,2379.0,2380.2833333333333,5.0,103.0,AITraining
31600,RegionB,RegionB,2376,2376.0,2381.05,5.0,3.0,RealTimeInference
31688,RegionF,RegionF,2391,2391.0,2392.9666666666667,5.0,21.0,BatchInference
31709,RegionD,RegionD,2387,2387.0,2389.4666666666667,5.0,44.0,AITraining
31710,RegionD,RegionD,2377,2377.0,2378.9,5.0,64.0,AITraining
31748,RegionA,RegionA,2393,2393.0,2398.5333333333333,5.0,4.0,RealTimeInference
31788,RegionD,RegionD,2379,2379.0,2384.8166666666666,5.0,81.0,AITraining
31953,RegionB,RegionB,2387,2387.0,2392.15,5.0,19.0,BatchInference
31955,RegionD,RegionD,2385,2385.0,2387.7833333333333,5.0,16.0,BatchInference
32107,RegionC,RegionC,2384,2384.0,2387.083333333333,5.0,3.0,RealTimeInference
32162,RegionA,RegionA,2389,2389.0,2390.9166666666665,5.0,2.0,RealTimeInference
32241,RegionD,RegionD,2395,2395.0,2395.233333333333,5.0,112.0,AITraining
32420,RegionD,RegionD,2388,2388.0,2393.7166666666667,5.0,19.0,BatchInference
32465,RegionB,RegionB,2386,2386.0,2388.4,5.0,6.0,RealTimeInference
32656,RegionE,RegionE,2387,2387.0,2392.633333333333,5.0,76.0,AITraining
32719,RegionA,RegionA,2387,2387.0,2388.8166666666666,5.0,3.0,RealTimeInference
32894,RegionF,RegionF,2382,2382.0,2383.5333333333333,5.0,70.0,AITraining
32917,RegionA,RegionA,2392,2392.0,2394.883333333333,5.0,2.0,RealTimeInference
33356,RegionB,RegionB,2387,2387.0,2390.366666666667,5.0,14.0,BatchInference
33418,RegionE,RegionE,2378,2378.0,2381.95,5.0,122.0,AITraining
33422,RegionB,RegionB,2376,2376.0,2382.1833333333334,5.0,9.0,BatchInference
33478,RegionE,RegionE,2384,2384.0,2386.6,5.0,6.0,BatchInference
33573,RegionB,RegionB,2391,2391.0,2392.4166666666665,5.0,21.0,BatchInference
33589,RegionE,RegionE,2387,2387.0,2391.7833333333333,5.0,22.0,BatchInference
33605,RegionB,RegionB,2386,2386.0,2387.5666666666666,5.0,9.0,BatchInference
33741,RegionF,RegionF,2379,2379.0,2383.3,5.0,9.0,BatchInference
33742,RegionA,RegionA,2376,2376.0,2378.583333333333,5.0,3.0,RealTimeInference
33770,RegionD,RegionD,2398,2398.0,2400.333333333333,5.0,88.0,AITraining
33779,RegionE,RegionE,2389,2389.0,2394.1,5.0,31.0,AITraining
33785,RegionD,RegionD,2386,2386.0,2387.866666666667,5.0,20.0,BatchInference
33839,RegionE,RegionE,2378,2378.0,2378.55,5.0,21.0,BatchInference
34117,RegionB,RegionB,2397,2397.0,2397.6666666666665,5.0,19.0,BatchInference
34149,RegionA,RegionA,2383,2383.0,2384.6666666666665,5.0,13.0,BatchInference
34201,RegionB,RegionB,2384,2384.0,2385.9333333333334,5.0,78.0,AITraining
34369,RegionD,RegionD,2385,2385.0,2389.9666666666667,5.0,18.0,BatchInference
34377,RegionF,RegionF,2383,2383.0,2383.733333333333,5.0,46.0,AITraining
34439,RegionA,RegionA,2394,2394.0,2399.0666666666666,5.0,2.0,RealTimeInference
34531,RegionB,RegionB,2390,2390.0,2395.766666666667,5.0,7.0,RealTimeInference
34647,RegionB,RegionB,2389,2389.0,2391.3,5.0,59.0,AITraining
34834,RegionE,RegionE,2383,2383.0,2386.616666666667,5.0,123.0,AITraining
34989,RegionA,RegionA,2381,2381.0,2384.366666666667,5.0,13.0,BatchInference
35013,RegionE,RegionE,2377,2377.0,2382.766666666667,5.0,9.0,BatchInference
35181,RegionB,RegionB,2391,2391.0,2395.2,5.0,4.0,RealTimeInference
35202,RegionC,RegionC,2381,2381.0,2383.9333333333334,5.0,5.0,RealTimeInference
35298,RegionA,RegionA,2383,2383.0,2387.3166666666666,5.0,6.0,RealTimeInference
35335,RegionF,RegionF,2376,2376.0,2379.2166666666667,5.0,34.0,AITraining
35450,RegionC,RegionC,2381,2381.0,2383.016666666667,5.0,14.0,BatchInference
35507,RegionA,RegionA,2381,2381.0,2382.8,5.0,18.0,BatchInference
35544,RegionC,RegionC,2387,2387.0,2390.4333333333334,5.0,7.0,RealTimeInference
35545,RegionF,RegionF,2388,2389.0,2390.383333333333,5.0,31.0,AITraining
35571,RegionF,RegionF,2385,2385.0,2387.1,5.0,111.0,AITraining
35783,RegionA,RegionA,2391,2391.0,2395.616666666667,5.0,3.0,RealTimeInference
36157,RegionD,RegionD,2396,2396.0,2396.7833333333333,5.0,86.0,AITraining
36175,RegionA,RegionA,2388,2388.0,2389.4,5.0,5.0,RealTimeInference
36260,RegionF,RegionF,2378,2378.0,2381.483333333333,5.0,85.0,AITraining
36369,RegionE,RegionE,2387,2387.0,2388.633333333333,5.0,70.0,AITraining
36438,RegionB,RegionB,2380,2380.0,2381.2166666666667,5.0,30.0,AITraining
36594,RegionE,RegionE,2377,2377.0,2378.516666666667,5.0,12.0,BatchInference
36634,RegionF,RegionF,2385,2385.0,2390.083333333333,5.0,7.0,RealTimeInference
36680,RegionF,RegionF,2387,2387.0,2392.983333333333,5.0,118.0,AITraining
36729,RegionC,RegionC,2388,2388.0,2394.4166666666665,5.0,9.0,BatchInference
36735,RegionB,RegionB,2387,2387.0,2391.5666666666666,5.0,2.0,RealTimeInference
36863,RegionF,RegionF,2394,2394.0,2394.516666666667,5.0,101.0,AITraining
36902,RegionE,RegionE,2389,2389.0,2394.516666666667,5.0,22.0,BatchInference
36934,RegionD,RegionD,2382,2382.0,2384.866666666667,5.0,6.0,BatchInference
37033,RegionC,RegionC,2390,2390.0,2394.883333333333,5.0,3.0,RealTimeInference
37062,RegionB,RegionB,2399,2399.0,2401.4666666666667,5.0,12.0,BatchInference
37078,RegionD,RegionD,2379,2379.0,2383.583333333333,5.0,14.0,BatchInference
37081,RegionA,RegionA,2397,2397.0,2401.45,5.0,17.0,BatchInference
37236,RegionE,RegionE,2378,2378.0,2382.8,5.0,21.0,BatchInference
37312,RegionB,RegionB,2383,2383.0,2389.55,5.0,17.0,BatchInference
37668,RegionD,RegionD,2392,2392.0,2396.116666666667,5.0,11.0,BatchInference
37688,RegionD,RegionD,2384,2384.0,2387.766666666667,5.0,6.0,BatchInference
37758,RegionD,RegionD,2398,2398.0,2402.7833333333333,5.0,25.0,AITraining
37834,RegionF,RegionF,2394,2394.0,2400.65,5.0,17.0,BatchInference
37857,RegionD,RegionD,2396,2396.0,2397.9166666666665,5.0,42.0,AITraining
37918,RegionD,RegionD,2383,2383.0,2385.366666666667,5.0,5.0,BatchInference
38021,RegionB,RegionB,2393,2393.0,2396.5333333333333,5.0,6.0,RealTimeInference
38165,RegionB,RegionB,2399,2399.0,2403.75,5.0,10.0,BatchInference
38208,RegionF,RegionF,2392,2392.0,2393.766666666667,5.0,122.0,AITraining
38408,RegionD,RegionD,2397,2397.0,2399.2833333333333,5.0,37.0,AITraining
38738,RegionE,RegionE,2381,2381.0,2386.983333333333,5.0,85.0,AITraining
38774,RegionA,RegionA,2396,2396.0,2396.55,5.0,4.0,RealTimeInference
38786,RegionA,RegionA,2396,2396.0,2402.633333333333,5.0,95.0,AITraining
38894,RegionE,RegionE,2399,2399.0,2405.15,5.0,115.0,AITraining
38937,RegionB,RegionB,2391,2391.0,2396.266666666667,5.0,31.0,AITraining
38944,RegionC,RegionC,2387,2387.0,2390.1,5.0,91.0,AITraining
39010,RegionD,RegionD,2379,2379.0,2379.333333333333,5.0,86.0,AITraining
39262,RegionE,RegionE,2378,2378.0,2378.4333333333334,5.0,103.0,AITraining
39318,RegionA,RegionA,2389,2389.0,2391.75,5.0,21.0,BatchInference
39380,RegionB,RegionB,2391,2391.0,2391.733333333333,5.0,3.0,RealTimeInference
39397,RegionA,RegionA,2390,2390.0,2396.4666666666667,5.0,7.0,BatchInference
39468,RegionA,RegionA,2394,2394.0,2395.116666666667,5.0,16.0,BatchInference
39597,RegionD,RegionD,2386,2386.0,2391.583333333333,5.0,17.0,BatchInference
39629,RegionD,RegionD,2397,2397.0,2397.3166666666666,5.0,5.0,BatchInference
39669,RegionE,RegionE,2394,2394.0,2398.5333333333333,5.0,77.0,AITraining
39748,RegionC,RegionC,2381,2381.0,2384.35,5.0,1.0,RealTimeInference
39773,RegionE,RegionE,2395,2395.0,2395.5666666666666,5.0,33.0,AITraining
39788,RegionC,RegionC,2399,2399.0,2403.383333333333,5.0,7.0,RealTimeInference
39791,RegionB,RegionB,2377,2377.0,2381.7833333333333,5.0,4.0,BatchInference
39924,RegionC,RegionC,2382,2382.0,2384.6,5.0,4.0,BatchInference
40341,RegionA,RegionA,2396,2396.0,2402.4333333333334,5.0,2.0,RealTimeInference
40375,RegionA,RegionA,2398,2398.0,2399.333333333333,5.0,4.0,RealTimeInference
40446,RegionA,RegionA,2387,2387.0,2387.5333333333333,5.0,9.0,BatchInference
40505,RegionA,RegionA,2396,2396.0,2402.333333333333,5.0,6.0,BatchInference
40539,RegionB,RegionB,2388,2388.0,2390.2,5.0,10.0,BatchInference
40554,RegionB,RegionB,2386,2386.0,2392.2,5.0,5.0,RealTimeInference
40594,RegionC,RegionC,2386,2386.0,2392.083333333333,5.0,2.0,RealTimeInference
40599,RegionB,RegionB,2395,2395.0,2395.833333333333,5.0,4.0,RealTimeInference
40802,RegionB,RegionB,2383,2383.0,2387.25,5.0,16.0,BatchInference
40831,RegionE,RegionE,2394,2394.0,2399.9166666666665,5.0,17.0,BatchInference
40898,RegionA,RegionA,2380,2380.0,2382.866666666667,5.0,122.0,AITraining
40966,RegionB,RegionB,2399,2399.0,2404.083333333333,5.0,20.0,BatchInference
41146,RegionF,RegionF,2394,2394.0,2395.7166666666667,5.0,57.0,AITraining
41247,RegionA,RegionA,2395,2395.0,2397.0666666666666,5.0,3.0,RealTimeInference
41298,RegionA,RegionA,2383,2383.0,2388.35,5.0,4.0,RealTimeInference
41348,RegionE,RegionE,2377,2377.0,2382.75,5.0,71.0,AITraining
41410,RegionB,RegionB,2391,2391.0,2397.5666666666666,5.0,23.0,AITraining
41413,RegionE,RegionE,2377,2377.0,2381.2,5.0,54.0,AITraining
41451,RegionA,RegionA,2399,2399.0,2405.6,5.0,4.0,RealTimeInference
41513,RegionC,RegionC,2381,2381.0,2383.383333333333,5.0,6.0,RealTimeInference
41737,RegionF,RegionF,2387,2387.0,2393.0666666666666,5.0,21.0,AITraining
41891,RegionC,RegionC,2385,2385.0,2387.65,5.0,15.0,BatchInference
41926,RegionC,RegionC,2376,2376.0,2379.6833333333334,5.0,6.0,RealTimeInference
41990,RegionD,RegionD,2393,2393.0,2393.4166666666665,5.0,22.0,AITraining
42007,RegionA,RegionA,2388,2388.0,2390.733333333333,5.0,21.0,BatchInference
42018,RegionF,RegionF,2394,2394.0,2397.5666666666666,5.0,64.0,AITraining
42169,RegionF,RegionF,2376,2376.0,2381.9333333333334,5.0,58.0,AITraining
42220,RegionB,RegionB,2397,2397.0,2397.266666666667,5.0,2.0,RealTimeInference
42258,RegionB,RegionB,2394,2394.0,2396.733333333333,5.0,6.0,RealTimeInference
42499,RegionB,RegionB,2381,2381.0,2387.1,5.0,71.0,AITraining
42578,RegionC,RegionC,2399,2399.0,2402.9166666666665,5.0,37.0,AITraining
42642,RegionC,RegionC,2382,2382.0,2385.5,5.0,1.0,RealTimeInference
42663,RegionA,RegionA,2388,2388.0,2394.233333333333,5.0,7.0,BatchInference
42958,RegionA,RegionA,2395,2395.0,2401.016666666667,5.0,19.0,BatchInference
43032,RegionB,RegionB,2388,2388.0,2390.2833333333333,5.0,1.0,RealTimeInference
43047,RegionB,RegionB,2383,2383.0,2385.0333333333333,5.0,5.0,RealTimeInference
43153,RegionF,RegionF,2385,2385.0,2386.3166666666666,5.0,36.0,AITraining
43240,RegionA,RegionA,2381,2381.0,2387.583333333333,5.0,7.0,RealTimeInference
43266,RegionA,RegionA,2388,2388.0,2388.983333333333,5.0,103.0,AITraining
43380,RegionD,RegionD,2380,2380.0,2381.2166666666667,5.0,50.0,AITraining
43423,RegionF,RegionF,2398,2398.0,2403.5,5.0,122.0,AITraining
43463,RegionA,RegionA,2388,2388.0,2389.333333333333,5.0,10.0,BatchInference
43531,RegionC,RegionC,2393,2393.0,2395.4666666666667,5.0,18.0,BatchInference
43668,RegionB,RegionB,2380,2380.0,2382.833333333333,5.0,19.0,BatchInference
43690,RegionE,RegionE,2377,2377.0,2380.133333333333,5.0,102.0,AITraining
43786,RegionB,RegionB,2399,2399.0,2401.1,5.0,17.0,BatchInference
43953,RegionE,RegionE,2386,2386.0,2388.7,5.0,17.0,BatchInference
43993,RegionE,RegionE,2396,2396.0,2399.6666666666665,5.0,16.0,BatchInference
44279,RegionB,RegionB,2377,2377.0,2379.85,5.0,1.0,RealTimeInference
44439,RegionE,RegionE,2399,2399.0,2404.616666666667,5.0,6.0,BatchInference
44602,RegionC,RegionC,2393,2393.0,2398.6666666666665,5.0,4.0,RealTimeInference
44811,RegionB,RegionB,2392,2392.0,2397.5666666666666,5.0,2.0,RealTimeInference
44983,RegionF,RegionF,2384,2384.0,2388.983333333333,5.0,80.0,AITraining
45061,RegionC,RegionC,2383,2383.0,2387.2,5.0,2.0,RealTimeInference
45156,RegionA,RegionA,2388,2388.0,2393.0333333333333,5.0,9.0,BatchInference
45172,RegionE,RegionE,2380,2380.0,2382.333333333333,5.0,73.0,AITraining
45363,RegionC,RegionC,2391,2391.0,2396.083333333333,5.0,2.0,RealTimeInference
45404,RegionF,RegionF,2380,2380.0,2382.25,5.0,74.0,AITraining
45529,RegionA,RegionA,2393,2393.0,2399.1,5.0,4.0,RealTimeInference
45583,RegionB,RegionB,2389,2389.0,2394.5333333333333,5.0,13.0,BatchInference
45584,RegionC,RegionC,2378,2378.0,2380.6833333333334,5.0,21.0,BatchInference
45731,RegionE,RegionE,2391,2391.0,2395.2,5.0,14.0,BatchInference
45742,RegionC,RegionC,2385,2385.0,2391.366666666667,5.0,20.0,BatchInference
45743,RegionB,RegionB,2377,2377.0,2383.5333333333333,5.0,2.0,RealTimeInference
45771,RegionF,RegionF,2383,2383.0,2387.616666666667,5.0,77.0,AITraining
45879,RegionB,RegionB,2383,2383.0,2387.383333333333,5.0,3.0,RealTimeInference
45887,RegionD,RegionD,2394,2394.0,2399.4333333333334,5.0,10.0,BatchInference
45986,RegionD,RegionD,2395,2395.0,2399.1833333333334,5.0,20.0,BatchInference
46011,RegionE,RegionE,2395,2395.0,2396.9666666666667,5.0,66.0,AITraining
46028,RegionA,RegionA,2397,2397.0,2398.116666666667,5.0,22.0,BatchInference
46184,RegionF,RegionF,2396,2396.0,2402.5,5.0,99.0,AITraining
46192,RegionB,RegionB,2386,2386.0,2389.3,5.0,113.0,AITraining
46280,RegionE,RegionE,2381,2381.0,2386.8,5.0,76.0,AITraining
46424,RegionD,RegionD,2390,2390.0,2396.0666666666666,5.0,120.0,AITraining
46582,RegionE,RegionE,2384,2384.0,2385.05,5.0,33.0,AITraining
46688,RegionE,RegionE,2378,2378.0,2378.4666666666667,5.0,50.0,AITraining
46818,RegionC,RegionC,2397,2397.0,2399.833333333333,5.0,16.0,BatchInference
46823,RegionD,RegionD,2398,2398.0,2400.983333333333,5.0,109.0,AITraining
46875,RegionB,RegionB,2385,2385.0,2391.1666666666665,5.0,18.0,BatchInference
46876,RegionB,RegionB,2380,2380.0,2382.85,5.0,3.0,RealTimeInference
46942,RegionC,RegionC,2399,2399.0,2404.7,5.0,11.0,BatchInference
47013,RegionD,RegionD,2389,2389.0,2389.1666666666665,5.0,67.0,AITraining
47090,RegionF,RegionF,2392,2392.0,2397.2166666666667,5.0,98.0,AITraining
47260,RegionD,RegionD,2395,2395.0,2398.483333333333,5.0,3.0,RealTimeInference
47419,RegionC,RegionC,2382,2382.0,2384.25,5.0,67.0,AITraining
47435,RegionE,RegionE,2397,2397.0,2403.516666666667,5.0,28.0,AITraining
47509,RegionF,RegionF,2381,2382.0,2384.633333333333,5.0,71.0,AITraining
47613,RegionD,RegionD,2380,2380.0,2385.333333333333,5.0,22.0,BatchInference
47787,RegionB,RegionB,2392,2392.0,2395.2166666666667,5.0,8.0,BatchInference
47967,RegionD,RegionD,2390,2390.0,2393.1833333333334,5.0,20.0,BatchInference
47993,RegionC,RegionC,2377,2377.0,2378.4666666666667,5.0,4.0,RealTimeInference
47997,RegionA,RegionA,2384,2384.0,2388.0666666666666,5.0,6.0,RealTimeInference
48004,RegionA,RegionA,2389,2389.0,2389.833333333333,5.0,6.0,RealTimeInference
48007,RegionC,RegionC,2386,2386.0,2390.266666666667,5.0,2.0,RealTimeInference
48396,RegionA,RegionA,2386,2386.0,2388.6833333333334,5.0,2.0,RealTimeInference
48528,RegionD,RegionD,2398,2398.0,2399.516666666667,5.0,36.0,AITraining
48579,RegionF,RegionF,2399,2399.0,2401.5,5.0,119.0,AITraining
48651,RegionF,RegionF,2393,2393.0,2394.233333333333,5.0,14.0,BatchInference
48837,RegionD,RegionD,2396,2396.0,2399.85,5.0,23.0,AITraining
49049,RegionB,RegionB,2377,2377.0,2378.633333333333,5.0,3.0,RealTimeInference
49227,RegionC,RegionC,2396,2396.0,2401.25,5.0,3.0,RealTimeInference
49336,RegionB,RegionB,2382,2382.0,2387.4166666666665,5.0,8.0,BatchInference
49525,RegionB,RegionB,2399,2399.0,2402.116666666667,5.0,16.0,BatchInference
49550,RegionA,RegionA,2397,2397.0,2399.0,5.0,120.0,AITraining
49575,RegionF,RegionF,2397,2397.0,2400.2166666666667,5.0,27.0,AITraining
49609,RegionA,RegionA,2397,2397.0,2398.1666666666665,5.0,38.0,AITraining
49617,RegionA,RegionA,2395,2395.0,2399.266666666667,5.0,3.0,RealTimeInference
49640,RegionE,RegionE,2395,2395.0,2399.05,5.0,54.0,AITraining
49684,RegionB,RegionB,2391,2391.0,2392.75,5.0,1.0,RealTimeInference
49940,RegionB,RegionB,2376,2376.0,2377.55,5.0,6.0,RealTimeInference
49968,RegionE,RegionE,2384,2384.0,2387.866666666667,5.0,120.0,AITraining
